"migrationVersion:int:key","legacyDefinitionId:string:key","targetItemBaseId:string","targetRarity:string","targetSlot:string"
"迁移版本","旧定义标识","目标物品基底","目标品质","目标槽位"
"1","item_marsh_surveyor_hood","item_marsh_surveyor_hood","Normal","Head"
"1","item_reinforced_field_coat","item_reinforced_field_coat","Normal","Body"
"1","item_architect_work_gloves","item_architect_work_gloves","Normal","Hands"
"1","item_waders_of_haste","item_waders_of_haste","Normal","Feet"
"1","item_copper_conductor_rod","item_copper_conductor_rod","Normal","MainTool"
"1","item_marsh_charm","item_marsh_charm","Normal","Amulet"
"1","unique_storm_architect_gloves","item_architect_work_gloves","Normal","Hands"
"1","unique_marsh_conduit_amulet","item_marsh_charm","Normal","Amulet"
